{"stats":{"minecraft:custom":{"minecraft:jump":69,"minecraft:time_since_rest":38456,"minecraft:play_one_minute":38578,"minecraft:crouch_one_cm":1577,"minecraft:interact_with_blast_furnace":2,"minecraft:damage_taken":240,"minecraft:leave_game":3,"minecraft:sprint_one_cm":9883,"minecraft:time_since_death":38434,"minecraft:walk_one_cm":24667,"minecraft:deaths":1,"minecraft:sneak_time":519,"minecraft:fly_one_cm":25935},"minecraft:used":{"minecraft:blast_furnace":1,"minecraft:mycelium":1,"minecraft:dirt":1,"minecraft:bone_meal":7,"minecraft:oak_sapling":1,"minecraft:grass_block":52}},"DataVersion":1952}