{"stats":{"minecraft:used":{"minecraft:sticky_piston":7,"minecraft:lever":17,"minecraft:water_bucket":2,"minecraft:lava_bucket":1,"minecraft:dirt":73,"minecraft:crafting_table":1,"minecraft:grass_block":40,"minecraft:dispenser":7,"minecraft:stone_pickaxe":49,"minecraft:oak_planks":1,"minecraft:mycelium":3,"minecraft:chest":7,"minecraft:wooden_pickaxe":18},"minecraft:mined":{"minecraft:oak_log":6,"minecraft:dirt":1,"minecraft:cobblestone":66,"minecraft:oak_leaves":31,"minecraft:grass_block":1},"minecraft:crafted":{"minecraft:oak_planks":24,"minecraft:crafting_table":1},"minecraft:dropped":{"minecraft:water_bucket":1,"minecraft:lava_bucket":1,"minecraft:dirt":1,"minecraft:wooden_pickaxe":1,"minecraft:lever":1,"minecraft:dispenser":1,"minecraft:mycelium":1,"minecraft:grass_block":2,"minecraft:sticky_piston":1,"minecraft:chest":1},"minecraft:picked_up":{"minecraft:stick":2,"minecraft:oak_log":6,"minecraft:oak_sapling":2,"minecraft:dirt":2,"minecraft:cobblestone":46},"minecraft:custom":{"minecraft:time_since_rest":21930,"minecraft:crouch_one_cm":130,"minecraft:play_one_minute":21930,"minecraft:sprint_one_cm":136,"minecraft:walk_one_cm":33426,"minecraft:sneak_time":168,"minecraft:walk_under_water_one_cm":145,"minecraft:drop":11,"minecraft:jump":56,"minecraft:leave_game":6,"minecraft:walk_on_water_one_cm":1286,"minecraft:time_since_death":21930,"minecraft:fly_one_cm":12231}},"DataVersion":1968}