{
    "components": [
        {
            "cachedName": "LWJGL 3",
            "cachedVersion": "3.2.2",
            "cachedVolatile": true,
            "dependencyOnly": true,
            "uid": "org.lwjgl3",
            "version": "3.2.2"
        },
        {
            "cachedName": "Minecraft",
            "cachedRequires": [
                {
                    "equals": "3.2.2",
                    "suggests": "3.2.2",
                    "uid": "org.lwjgl3"
                }
            ],
            "cachedVersion": "1.14.3",
            "important": true,
            "uid": "net.minecraft",
            "version": "1.14.3"
        },
        {
            "cachedName": "FabricLoader",
            "cachedVersion": "1.14.3+build.9_yarn-0.4.8+build.155",
            "uid": "net.fabricmc"
        }
    ],
    "formatVersion": 1
}
